{
    "openapi": "3.0.0",
    "info": {
        "title": "Olshop2 API Documentation",
        "version": "1.0.0",
        "description": "API documentation for Olshop2 e-commerce system"
    },
    "servers": [
        {
            "url": "http://localhost:8000/api/v1",
            "description": "Local Development"
        }
    ],
    "paths": {
        "/login": {
            "post": {
                "tags": [
                    "Authentication"
                ],
                "summary": "Login user",
                "requestBody": {
                    "required": true,
                    "content": {
                        "application/json": {
                            "schema": {
                                "type": "object",
                                "properties": {
                                    "email": {
                                        "type": "string",
                                        "format": "email"
                                    },
                                    "password": {
                                        "type": "string"
                                    }
                                }
                            }
                        }
                    }
                },
                "responses": {
                    "200": {
                        "description": "Login successful",
                        "content": {
                            "application/json": {
                                "schema": {
                                    "type": "object",
                                    "properties": {
                                        "message": {
                                            "type": "string"
                                        },
                                        "status": {
                                            "type": "integer"
                                        },
                                        "data": {
                                            "type": "object",
                                            "properties": {
                                                "token": {
                                                    "type": "string"
                                                }
                                            }
                                        }
                                    }
                                }
                            }
                        }
                    }
                }
            }
        },
        "/register": {
            "post": {
                "tags": [
                    "Authentication"
                ],
                "summary": "Register new user",
                "requestBody": {
                    "required": true,
                    "content": {
                        "application/json": {
                            "schema": {
                                "type": "object",
                                "properties": {
                                    "name": {
                                        "type": "string"
                                    },
                                    "email": {
                                        "type": "string",
                                        "format": "email"
                                    },
                                    "password": {
                                        "type": "string"
                                    },
                                    "password_confirmation": {
                                        "type": "string"
                                    }
                                }
                            }
                        }
                    }
                },
                "responses": {
                    "201": {
                        "description": "Registration successful"
                    }
                }
            }
        },
        "/verify-email": {
            "post": {
                "tags": [
                    "Authentication"
                ],
                "summary": "Verify email with OTP",
                "requestBody": {
                    "required": true,
                    "content": {
                        "application/json": {
                            "schema": {
                                "type": "object",
                                "properties": {
                                    "email": {
                                        "type": "string",
                                        "format": "email"
                                    },
                                    "otp": {
                                        "type": "string",
                                        "minLength": 6,
                                        "maxLength": 6
                                    }
                                }
                            }
                        }
                    }
                },
                "responses": {
                    "200": {
                        "description": "Email verified successfully"
                    }
                }
            }
        },
        "/resend-otp": {
            "post": {
                "tags": [
                    "Authentication"
                ],
                "summary": "Resend OTP code",
                "requestBody": {
                    "required": true,
                    "content": {
                        "application/json": {
                            "schema": {
                                "type": "object",
                                "properties": {
                                    "email": {
                                        "type": "string",
                                        "format": "email"
                                    }
                                }
                            }
                        }
                    }
                },
                "responses": {
                    "200": {
                        "description": "OTP sent successfully"
                    }
                }
            }
        },
        "/logout": {
            "post": {
                "tags": [
                    "Authentication"
                ],
                "summary": "Logout user",
                "security": [
                    {
                        "BearerAuth": []
                    }
                ],
                "responses": {
                    "200": {
                        "description": "Logged out successfully"
                    },
                    "401": {
                        "description": "Unauthorized"
                    }
                }
            }
        },
        "/products": {
            "get": {
                "tags": [
                    "Products"
                ],
                "summary": "Get all products",
                "parameters": [
                    {
                        "name": "category",
                        "in": "query",
                        "schema": {
                            "type": "string"
                        }
                    },
                    {
                        "name": "search",
                        "in": "query",
                        "schema": {
                            "type": "string"
                        }
                    },
                    {
                        "name": "filter",
                        "in": "query",
                        "schema": {
                            "type": "string",
                            "enum": [
                                "new_arrivals",
                                "popular",
                                "featured",
                                "all"
                            ]
                        }
                    }
                ],
                "responses": {
                    "200": {
                        "description": "Products retrieved successfully"
                    }
                }
            }
        },
        "/cart": {
            "get": {
                "tags": [
                    "Cart"
                ],
                "summary": "Get user's cart",
                "security": [
                    {
                        "bearerAuth": []
                    }
                ],
                "parameters": [
                    { "$ref": "#/components/parameters/AuthHeader" }
                ],
                "responses": {
                    "200": {
                        "description": "Cart retrieved successfully"
                    }
                }
            }
        },
        "/cart/{clothes}": {
            "post": {
                "tags": [
                    "Cart"
                ],
                "summary": "Add item to cart",
                "security": [
                    {
                        "bearerAuth": []
                    }
                ],
                "parameters": [
                    { "$ref": "#/components/parameters/AuthHeader" },
                    {
                        "name": "clothes",
                        "in": "path",
                        "required": true,
                        "schema": {
                            "type": "integer"
                        }
                    }
                ],
                "requestBody": {
                    "required": true,
                    "content": {
                        "application/json": {
                            "schema": {
                                "type": "object",
                                "properties": {
                                    "quantity": {
                                        "type": "integer"
                                    }
                                }
                            }
                        }
                    }
                },
                "responses": {
                    "200": {
                        "description": "Item added successfully"
                    }
                }
            }
        },
        "/cart/{id}": {
            "patch": {
                "tags": [
                    "Cart"
                ],
                "summary": "Update cart item quantity",
                "security": [
                    {
                        "bearerAuth": []
                    }
                ],
                "parameters": [
                    { "$ref": "#/components/parameters/AuthHeader" },
                    {
                        "name": "id",
                        "in": "path",
                        "required": true,
                        "schema": {
                            "type": "integer"
                        }
                    }
                ],
                "requestBody": {
                    "required": true,
                    "content": {
                        "application/json": {
                            "schema": {
                                "type": "object",
                                "properties": {
                                    "quantity": {
                                        "type": "integer",
                                        "minimum": 1
                                    }
                                }
                            }
                        }
                    }
                },
                "responses": {
                    "200": {
                        "description": "Cart item updated successfully"
                    },
                    "404": {
                        "description": "Cart item not found"
                    }
                }
            },
            "delete": {
                "tags": [
                    "Cart"
                ],
                "summary": "Remove item from cart",
                "security": [
                    {
                        "bearerAuth": []
                    }
                ],
                "parameters": [
                    { "$ref": "#/components/parameters/AuthHeader" },
                    {
                        "name": "id",
                        "in": "path",
                        "required": true,
                        "schema": {
                            "type": "integer"
                        }
                    }
                ],
                "responses": {
                    "200": {
                        "description": "Item removed successfully"
                    },
                    "404": {
                        "description": "Cart item not found"
                    }
                }
            }
        },
        "/clothes": {
            "get": {
                "tags": [
                    "Clothes"
                ],
                "summary": "Get all clothes",
                "security": [
                    {
                        "bearerAuth": []
                    }
                ],
                "parameters": [
                    { "$ref": "#/components/parameters/AuthHeader" }
                ],
                "responses": {
                    "200": {
                        "description": "Clothes retrieved successfully"
                    }
                }
            },
            "post": {
                "tags": [
                    "Clothes"
                ],
                "summary": "Create new clothes",
                "security": [
                    {
                        "bearerAuth": []
                    }
                ],
                "parameters": [
                    { "$ref": "#/components/parameters/AuthHeader" }
                ],
                "requestBody": {
                    "required": true,
                    "content": {
                        "application/json": {
                            "schema": {
                                "type": "object",
                                "properties": {
                                    "name": {
                                        "type": "string"
                                    },
                                    "description": {
                                        "type": "string"
                                    },
                                    "price": {
                                        "type": "number"
                                    },
                                    "stock": {
                                        "type": "integer"
                                    },
                                    "image": {
                                        "type": "string"
                                    },
                                    "size": {
                                        "type": "string"
                                    },
                                    "limited_edition": {
                                        "type": "boolean"
                                    },
                                    "color": {
                                        "type": "array",
                                        "items": {
                                            "type": "string"
                                        }
                                    },
                                    "categories": {
                                        "type": "array",
                                        "items": {
                                            "type": "integer"
                                        }
                                    }
                                }
                            }
                        }
                    }
                },
                "responses": {
                    "201": {
                        "description": "Clothes created successfully"
                    }
                }
            }
        },
        "/clothes/{id}": {
            "get": {
                "tags": [
                    "Clothes"
                ],
                "summary": "Get clothes by ID",
                "parameters": [
                    {
                        "name": "id",
                        "in": "path",
                        "required": true,
                        "schema": {
                            "type": "integer"
                        }
                    }
                ],
                "responses": {
                    "200": {
                        "description": "Clothes retrieved successfully"
                    }
                }
            },
            "put": {
                "tags": [
                    "Clothes"
                ],
                "summary": "Update clothes",
                "security": [
                    {
                        "bearerAuth": []
                    }
                ],
                "parameters": [
                    { "$ref": "#/components/parameters/AuthHeader" },
                    {
                        "name": "id",
                        "in": "path",
                        "required": true,
                        "schema": {
                            "type": "integer"
                        }
                    }
                ],
                "requestBody": {
                    "required": true,
                    "content": {
                        "application/json": {
                            "schema": {
                                "type": "object",
                                "properties": {
                                    "name": {
                                        "type": "string"
                                    },
                                    "description": {
                                        "type": "string"
                                    },
                                    "price": {
                                        "type": "number"
                                    },
                                    "stock": {
                                        "type": "integer"
                                    },
                                    "image": {
                                        "type": "string"
                                    },
                                    "size": {
                                        "type": "string"
                                    },
                                    "limited_edition": {
                                        "type": "boolean"
                                    },
                                    "color": {
                                        "type": "array",
                                        "items": {
                                            "type": "string"
                                        }
                                    },
                                    "categories": {
                                        "type": "array",
                                        "items": {
                                            "type": "integer"
                                        }
                                    }
                                }
                            }
                        }
                    }
                },
                "responses": {
                    "200": {
                        "description": "Clothes updated successfully"
                    }
                }
            },
            "delete": {
                "tags": [
                    "Clothes"
                ],
                "summary": "Delete clothes",
                "security": [
                    {
                        "bearerAuth": []
                    }
                ],
                "parameters": [
                    { "$ref": "#/components/parameters/AuthHeader" },
                    {
                        "name": "id",
                        "in": "path",
                        "required": true,
                        "schema": {
                            "type": "integer"
                        }
                    }
                ],
                "responses": {
                    "200": {
                        "description": "Clothes deleted successfully"
                    }
                }
            }
        },
        "/categories": {
            "get": {
                "tags": [
                    "Categories"
                ],
                "summary": "Get all categories",
                "security": [
                    {
                        "bearerAuth": []
                    }
                ],
                "responses": {
                    "200": {
                        "description": "Categories retrieved successfully"
                    }
                }
            },
            "post": {
                "tags": [
                    "Categories"
                ],
                "summary": "Create new category",
                "security": [
                    {
                        "bearerAuth": []
                    }
                ],
                "requestBody": {
                    "required": true,
                    "content": {
                        "application/json": {
                            "schema": {
                                "type": "object",
                                "properties": {
                                    "name": {
                                        "type": "string"
                                    }
                                }
                            }
                        }
                    }
                },
                "responses": {
                    "201": {
                        "description": "Category created successfully"
                    }
                }
            }
        },
        "/categories/{id}": {
            "get": {
                "tags": [
                    "Categories"
                ],
                "summary": "Get category by ID",
                "security": [
                    {
                        "bearerAuth": []
                    }
                ],
                "parameters": [
                    {
                        "name": "id",
                        "in": "path",
                        "required": true,
                        "schema": {
                            "type": "integer"
                        }
                    }
                ],
                "responses": {
                    "200": {
                        "description": "Category retrieved successfully"
                    }
                }
            },
            "put": {
                "tags": [
                    "Categories"
                ],
                "summary": "Update category",
                "security": [
                    {
                        "bearerAuth": []
                    }
                ],
                "parameters": [
                    {
                        "name": "id",
                        "in": "path",
                        "required": true,
                        "schema": {
                            "type": "integer"
                        }
                    }
                ],
                "requestBody": {
                    "required": true,
                    "content": {
                        "application/json": {
                            "schema": {
                                "type": "object",
                                "properties": {
                                    "name": {
                                        "type": "string"
                                    }
                                }
                            }
                        }
                    }
                },
                "responses": {
                    "200": {
                        "description": "Category updated successfully"
                    }
                }
            },
            "delete": {
                "tags": [
                    "Categories"
                ],
                "summary": "Delete category",
                "security": [
                    {
                        "bearerAuth": []
                    }
                ],
                "parameters": [
                    {
                        "name": "id",
                        "in": "path",
                        "required": true,
                        "schema": {
                            "type": "integer"
                        }
                    }
                ],
                "responses": {
                    "200": {
                        "description": "Category deleted successfully"
                    }
                }
            }
        },
        "/transactions": {
            "get": {
                "tags": [
                    "Transactions"
                ],
                "summary": "Get all transactions",
                "security": [
                    {
                        "bearerAuth": []
                    }
                ],
                "parameters": [
                    { "$ref": "#/components/parameters/AuthHeader" }
                ],
                "responses": {
                    "200": {
                        "description": "Transactions retrieved successfully"
                    }
                }
            },
            "post": {
                "tags": [
                    "Transactions"
                ],
                "summary": "Create new transaction",
                "security": [
                    {
                        "bearerAuth": []
                    }
                ],
                "parameters": [
                    { "$ref": "#/components/parameters/AuthHeader" }
                ],
                "requestBody": {
                    "required": true,
                    "content": {
                        "application/json": {
                            "schema": {
                                "type": "object",
                                "properties": {
                                    "payment_method": {
                                        "type": "string",
                                        "enum": [
                                            "bank_transfer",
                                            "e_wallet"
                                        ]
                                    },
                                    "street": {
                                        "type": "string"
                                    },
                                    "city": {
                                        "type": "string"
                                    },
                                    "postal_code": {
                                        "type": "string"
                                    }
                                }
                            }
                        }
                    }
                },
                "responses": {
                    "201": {
                        "description": "Transaction created successfully"
                    }
                }
            }
        },
        "/transactions/{id}": {
            "get": {
                "tags": [
                    "Transactions"
                ],
                "summary": "Get transaction by ID",
                "security": [
                    {
                        "bearerAuth": []
                    }
                ],
                "parameters": [
                    { "$ref": "#/components/parameters/AuthHeader" },
                    {
                        "name": "id",
                        "in": "path",
                        "required": true,
                        "schema": {
                            "type": "integer"
                        }
                    }
                ],
                "responses": {
                    "200": {
                        "description": "Transaction retrieved successfully"
                    }
                }
            },
            "patch": {
                "tags": [
                    "Transactions"
                ],
                "summary": "Update transaction status",
                "security": [
                    {
                        "bearerAuth": []
                    }
                ],
                "parameters": [
                    { "$ref": "#/components/parameters/AuthHeader" },
                    {
                        "name": "id",
                        "in": "path",
                        "required": true,
                        "schema": {
                            "type": "integer"
                        }
                    }
                ],
                "requestBody": {
                    "required": true,
                    "content": {
                        "application/json": {
                            "schema": {
                                "type": "object",
                                "properties": {
                                    "status": {
                                        "type": "string",
                                        "enum": [
                                            "success",
                                            "failed"
                                        ]
                                    }
                                }
                            }
                        }
                    }
                },
                "responses": {
                    "200": {
                        "description": "Transaction status updated successfully"
                    }
                }
            },
            "delete": {
                "tags": [
                    "Transactions"
                ],
                "summary": "Cancel transaction",
                "security": [
                    {
                        "bearerAuth": []
                    }
                ],
                "parameters": [
                    { "$ref": "#/components/parameters/AuthHeader" },
                    {
                        "name": "id",
                        "in": "path",
                        "required": true,
                        "schema": {
                            "type": "integer"
                        }
                    }
                ],
                "responses": {
                    "200": {
                        "description": "Transaction cancelled successfully"
                    },
                    "403": {
                        "description": "Unauthorized"
                    },
                    "422": {
                        "description": "Transaction cannot be cancelled"
                    }
                }
            }
        }
    },
    "components": {
        "securitySchemes": {
            "BearerAuth": {
                "type": "apiKey",
                "name": "Authorization",
                "in": "header",
                "description": "Enter your bearer token in the format **Bearer &lt;token&gt;**"
            }
        },
        "parameters": {
            "AuthHeader": {
                "name": "Authorization",
                "in": "header",
                "description": "Bearer {token}",
                "required": true,
                "schema": {
                    "type": "string"
                },
                "example": "Bearer eyJ0eXAiOiJKV1QiLCJhbGciOiJSUzI1NiJ9..."
            }
        }
    },
    "security": [
        {
            "BearerAuth": []
        }
    ]
}